Program/Nabór,Numer projektu,Dofinansowanie,Nazwa/Tytuł projektu,Nazwa beneficjenta
CyberSecIdent,CYBERSECIDENT/487721/IV/NCBR/2021,8116986,ARFA - rozwiązanie programistyczne chroniące wielokontekstowo przed zaawansowanymi atakami DDoS (Distributed Denial of Service).,EXATEL Spółka Akcyjna
CyberSecIdent,CYBERSECIDENT/487845/IV/NCBR/2021,13578584.8,Zaawansowane metody i techniki wykrywania i przeciwdziałania atakom na infrastrukturę dostępową i aplikacje sieci 5G,WOJSKOWY INSTYTUT ŁĄCZNOŚCI IM. PROF. DR. HAB. JANUSZA GROSZKOWSKIEGO PAŃSTWOWY INSTYTUT BADAWCZY
CyberSecIdent,CYBERSECIDENT/488240/IV/NCBR/2021,11304825,Laboratorium badania podatności stacjonarnych i mobilnych urządzeń informatycznych oraz algorytmów i oprogramowania,Naukowa i Akademicka Sieć Komputerowa - Państwowy Instytut Badawczy
CyberSecIdent,CYBERSECIDENT/488393/IV/NCBR/2021,9476924,System wspomagania detekcji i obrazowania ataków APT,ComCERT Spółka Akcyjna
CyberSecIdent,CYBERSECIDENT/489240/IV/NCBR/2021,5060266,"Budowa narzędzia dedykowanego dla ochrony uzytkowników, sytemów i urzadzeń internetu rzeczy, w oparciu o uczenie maszynowe i analizę behawioralną",Sieć Badawcza Łukasiewicz- Instytut Technik Innowacyjnych EMAG
CyberSecIdent,CYBERSECIDENT/489281/IV/NCBR/2021,6605669,"Identyfikacja, KOlekcjonowanie i oceNA nieprzyjaznych operacji dezinformacyjnych w cyberprzestrzeni, prowadzonych w oparciu o narzędzia teleinformatyczne (IKONA)",Centrum Rafinacji Informacji Spółka z ograniczoną odpowiedzialnością
CyberSecIdent,CYBERSECIDENT/489595/IV/NCBR/2021,13128381.63,System oceny i certyfikacji cyberbezpieczeństwa - lekkie programy certyfikacji,Naukowa i Akademicka Sieć Komputerowa - Państwowy Instytut Badawczy
CyberSecIdent,CYBERSECIDENT/489818/IV/NCBR/2021,7269042.93,"Struktura bezpieczeństwa sieci 5G opartej na wielu dostawcach: specyfikacja, wdrożenie i rozwój procesu ewaluacji",Politechnika Warszawska
CyberSecIdent,CYBERSECIDENT/489912/IV/NCBR/2021,10873524,System oceniający i monitorujący poziom cyberbezpieczeństwa urządzeń loE/loT obywateli Rzeczpospolitej Polskiej,Uniwersytet Opolski
CyberSecIdent,CYBERSECIDENT/490737/IV/NCBR/2021,3690074,Uniwersalny system wczesnej detekcji i unieszkodliwiania złośliwego oprogramowania typu ransomware,TiMSI Sp. z o.o.
Obronność i bezpieczeństwo Konkurs nr 11/2020,DOB-BIO11/01/03/2021,,,
Obronność i bezpieczeństwo Konkurs nr 11/2020,DOB-BIO11/02/06/2021,,,
Obronność i bezpieczeństwo Konkurs nr 11/2020,DOB-BIO11/03/09/2021,,,
Obronność i bezpieczeństwo Konkurs nr 11/2020,DOB-BIO11/04/01/2020,,,
Obronność i bezpieczeństwo Konkurs nr 11/2020,DOB-BIO11/05/01/2020,,,
Obronność i bezpieczeństwo Konkurs nr 11/2020,DOB-BIO11/06/02/2020,,,
Obronność i bezpieczeństwo SZAFIR,DOB-SZAFIR/01/A/005/02/2021,,,Sieć Badawcza Łukasiewicz-Przemysłowy Instytut Automatyki i Pomiarów PIAP
Obronność i bezpieczeństwo SZAFIR,DOB-SZAFIR/01/A/013/01/2021,,,Wojskowa Akademia Techniczna
Obronność i bezpieczeństwo SZAFIR,DOB-SZAFIR/01/B/023/01/2021,,,Instytut Techniczny Wojsk Lotniczych
Obronność i bezpieczeństwo SZAFIR,DOB-SZAFIR/02/A/002/02/2021,,,Wojskowa Akademia Techniczna im. Jarosława Dąbrowskiego
Obronność i bezpieczeństwo SZAFIR,DOB-SZAFIR/02/A/006/02/2021,,,Sieć Badawcza ŁUKASIEWICZ - Przemysłowy Instytut Automatyki i Pomiarów PIAP
Obronność i bezpieczeństwo SZAFIR,DOB-SZAFIR/02/A/013/02/2021,,,Sieć Badawcza ŁUKASIEWICZ - Instytut Mikroelektroniki i Fotoniki
Obronność i bezpieczeństwo SZAFIR,DOB-SZAFIR/02/B/004/02/2021,,,Sieć Badawcza ŁUKASIEWICZ - Instytut Włókiennictwa
Obronność i bezpieczeństwo SZAFIR,DOB-SZAFIR/03/A/005/01/2021,,,Sieć Badawcza Łukasiewicz- Instytut Przemysłu Organicznego
Obronność i bezpieczeństwo SZAFIR,DOB-SZAFIR/03/A/037/01/2021,,,PCO Spółka Komandytowo-Akcyjna
Obronność i bezpieczeństwo SZAFIR,DOB-SZAFIR/03/B/001/01/2021,,,Politechnika Warszawska
Obronność i bezpieczeństwo SZAFIR,DOB-SZAFIR/03/B/002/01/2021,,,"Politechnika Warszawska, Wydział Mechaniczny Energetyki i Lotnictwa"
Obronność i bezpieczeństwo SZAFIR,DOB-SZAFIR/03/B/018/01/2021,,,Politechnika Warszawska
Obronność i bezpieczeństwo SZAFIR,DOB-SZAFIR/04/A/002/01/2021,,,Wojskowa Akademia Techniczna im. Jarosława Dąbrowskiego
Obronność i bezpieczeństwo SZAFIR,DOB-SZAFIR/05/A/027/01/2021,,,KenBIT Spółka z ograniczoną odpowiedzialnością
Obronność i bezpieczeństwo SZAFIR,DOB-SZAFIR/05/B/003/01/2021,,,Politechnika Warszawska
Obronność i bezpieczeństwo SZAFIR,DOB-SZAFIR/05/B/026/01/2021,,,Wojskowa Akademia Techniczna im. J. Dąbrowskiego
Obronność i bezpieczeństwo SZAFIR,DOB-SZAFIR/08/B/021/01/2021,,,Wojskowy Instytut Techniki Pancernej i Samochodowej
Obronność i bezpieczeństwo SZAFIR,DOB-SZAFIR/08/B/025/01/2021,,,Sieć Badawcza ŁUKASIEWICZ - Przemysłowy Instytut Motoryzacji
Obronność i bezpieczeństwo SZAFIR,DOB-SZAFIR/09/A/010/01/2021,,,Wojskowa Akademia Techniczna
Obronność i bezpieczeństwo SZAFIR,DOB-SZAFIR/09/A/039/01/2021,,,Wojskowy Instytut Łączności - Państwowy Instytut Badawczy
Obronność i bezpieczeństwo SZAFIR,DOB-SZAFIR/09/A/047/01/2021,,,KenBIT Sp. z o.o.
Obronność i bezpieczeństwo SZAFIR,DOB-SZAFIR/09/B/006/01/2021,,,Wojskowa Akademia Techniczna
Obronność i bezpieczeństwo SZAFIR,DOB-SZAFIR/10/A/022/01/2021,,,Wojskowa Akademia Techniczna im. Jarosława Dąbrowskiego
Obronność i bezpieczeństwo SZAFIR,DOB-SZAFIR/12/A/029/01/2021,,,Uniwersytet Łódzki
Obronność i bezpieczeństwo SZAFIR,DOB-SZAFIR/12/A/041/01/2021,,,Instytut Technologii Bezpieczeństwa MORATEX
GOSPOSTRATEG,GOSPOSTRATEG-III/0032/2020-00,6902937.5,Operacjonalizacja Systemu Zarządzania Rozwojem Polski. Udoskonalenie i wprowadzenie innowacyjnych i skutecznych rozwiązań do systemu społeczno-gospodarczego i przestrzennego w ramach długookresowego programowania polityki rozwoju,Instytut Rozwoju Miast i Regionów
GOSPOSTRATEG,GOSPOSTRATEG-III/0034/2020-00,9726362.75,"Strategia rozwoju technologii wychwytu, transportu, utylizacji i składowania CO2 w Polsce oraz pilotaż Polskiego Klastra CCUS",Akademia Górniczo-Hutnicza im Stanisława Staszica w Krakowie
GOSPOSTRATEG,GOSPOSTRATEG-III/0060/2020-00,7800987.14,MAZOWSZE AKCELERATOREM GLOBALNYCH PRZEDSIĘBIORSTW,Województwo Mazowieckie
GOSPOSTRATEG,GOSPOSTRATEG-III/0061/2020-00,5054240.55,"Wprowadzenie innowacyjnej, taniej i przyjaznej środowisku metody higienizacji odpadów organicznych umożliwiającej ich wykorzystanie w nawożeniu",Państwowy Instytut Weterynaryjny - Państwowy Instytut Badawczy
GOSPOSTRATEG,GOSPOSTRATEG-IV/0002/2020-00,7989437.5,Szkieletowy system automatycznego tłumacza na Polski Język Migowy wykorzystujący mechanizm wirtualnej postaci ludzkiej,Sieć Badawcza Łukasiewicz - Instytut Technik Innowacyjnych EMAG
INFOSTRATEG,INFOSTRATEG-I/0010/2021-00,7898438.23,InfoTester - Opracowanie i weryfikacja oryginalnych metod wertykalnej sztucznej inteligencji do automatycznego i precyzyjnego wykrywania dezinformacji,Science4People spółka z ograniczoną odpowiedzialnością
INFOSTRATEG,INFOSTRATEG-I/0012/2021-00,3785791.18,Mapowanie bólu innowacyjną metodą optymalizującą diagnostykę i leczenie raka prostaty, SIGNUM  SPÓŁKA Z OGRANICZONĄ ODPOWIEDZIALNOŚCIĄ
INFOSTRATEG,INFOSTRATEG-I/0019/2021-00,7935166.25,System WykrywAnia dezinfoRmacji metodami sztucznej inteliGencji,MATIC Spółka Akcyjna
INFOSTRATEG,INFOSTRATEG-I/0022/2021-00,5755000,Godna zaufania sztuczna inteligencja wspierająca identyfikację zmian chorobowych w płucach na bazie danych obrazowych,Politechnika Warszawska
INFOSTRATEG,INFOSTRATEG-I/0025/2021-00,3965841.58,Detekcja zmanipulowanych treści audio-wideo w celu ochrony przed rozprzestrzenianiem wiadomości o charakterze deepfake,Politechnika Krakowska im. Tadeusza Kościuszki
INFOSTRATEG,INFOSTRATEG-I/0035/2021-00,3400500,OpenFact - narzędzia weryfikacji wiarygodności źródeł informacji i detekcji fałszywych informacji z wykorzystaniem metod sztucznej inteligencji.,Uniwersytet Ekonomiczny w Poznaniu
INFOSTRATEG,INFOSTRATEG-I/0036/2021-00,7347082.5,"Radiologia wzmacniana AI - wykrywanie, raportowanie i podejmowanie decyzji klinicznych w diagnostyce raka prostaty",Ośrodek Przetwarzania Informacji  Państwowy Instytut Badawczy
INFOSTRATEG,INFOSTRATEG-I/0041/2021-00,9938840.24,Opracowanie narzędzia bioinformatycznego automatyzującego diagnozę raka piersi,ALCID Spółka z ograniczoną odpowiedzialnością
INFOSTRATEG,INFOSTRATEG-I/0042/2021-00,6397500,System wspomagający diagnostykę zmian nowotworowych piersi z wykorzystaniem ultrasonografii i uczenia maszynowego,Instytut Podstawowych Problemów Techniki Polskiej Akademii Nauk
INFOSTRATEG,INFOSTRATEG-I/0043/2021-00,3265794.85,"AntyFakeNews, system do ochrony użytkowników przed fałszywymi informacjami dystrybuowanymi w sieci Internet",ITD24 SPÓŁKA Z OGRANICZONĄ ODPOWIEDZIALNOŚCIĄ
INFOSTRATEG,INFOSTRATEG-I/0045/2021-00,6641828.82,Od legendy miejskiej do fake news. Globalny detektor współczesnego fałszu., AMERICAN SYSTEMS  SPÓŁKA Z OGRANICZONĄ ODPOWIEDZIALNOŚCIĄ
INFOSTRATEG,INFOSTRATEG-I/0052/2021-00,4576587.12,Inteligentny System Dyskursywnej Detekcji Fake News,Swarmcheck spółka z ograniczoną odpowiedzialnością
INFOSTRATEG,INFOSTRATEG-I/0054/2021-00,8167926,"COVID FAST: Ocena zmian w miąższu płucnym występujących u pacjentów po przebytej infekcji COVID-19 i ich wpływ na krążenie płucne - badanie przy użyciu autorskiego, hybrydowego protokołu opartego o RM, USG i algorytmy sztucznej inteligencji.",AI Synesthesia spółka z ograniczoną odpowiedzialnością
INFRASTARt,INFRASTARt-I/0003/2021-00,6510122.86,Rozwój bazy badawczej specjalistycznych laboratoriów Sieci Badawczej Łukasiewicz â€“ PORT Polskiego Ośrodka Rozwoju Technologii w celu zwiększenia wykorzystania infrastruktury B+R i umiędzynarodowienia działalności instytutu,Sieć Badawcza Łukasiewicz - PORT Polski Ośrodek Rozwoju Technologii
INFRASTARt,INFRASTARt-I/0004/2021-00,5940387.36,"Zwiększenie dostępności do infrastruktury i oferty Centrum Zaawansowanych Materiałów i Technologii CEZAMAT, Wydziałowego Centrum Badawczego FOTEH i Centrum Badawczego Labs/Warsaw w ramach Politechniki Warszawskiej",Politechnika Warszawska
INFRASTARt,INFRASTARt-I/0006/2021-00,3283927.99,Utrzymanie infrastruktury badawczej Uniwersytetu Jagiellońskiego powstałej ze środków II priorytetu Programu Operacyjnego Innowacyjna Gospodarka 2007- 2013,Uniwersytet Jagielloński
INFRASTARt,INFRASTARt-I/0007/2021-00,905056.91,"Infrastruktura dla Nanofotoniki, Mikrosystemów i Nanotechnologii Elektronicznych",Sieć Badawcza Łukasiewicz - Instytutu Mikroelektroniki i Fotoniki
INFRASTARt,INFRASTARt-I/0008/2021-00,2092571.85,Poprawa efektywności wykorzystania infrastruktury badawczej CCTW,Główny Instytut Górnictwa
INFRASTARt,INFRASTARt-I/0009/2021-00,2441921.74,Nanomateriały funkcjonalne oraz zaawansowane technologie przyjazne środowisku,Uniwersytet Marii Curie-Skłodowskiej
INFRASTARt,INFRASTARt-I/0010/2021-00,6515561.05,Rozwój potencjału komercyjnego infrastruktur badawczych PO IG na Uniwersytecie Warszawskim w relacjach z krajowym i zagranicznym otoczeniem społeczno-gospodarczym.,Uniwersytet Warszawski
INFRASTARt,INFRASTARt-I/0011/2021-00,343307.89,Modernizacja i utrzymanie infrastruktury bioinformatycznej IBB PAN,Instytut Biochemii i Biofizyki Polskiej Akademii Nauk
INFRASTARt,INFRASTARt-I/0012/2021-00,4647310.19,INFRASTART CePT,Warszawski Uniwersytet Medyczny
INFRASTARt,INFRASTARt-I/0013/2021-00,584412.83,"Wsparcie w zakresie kosztów utrzymania, rozwoju i doskonalenia infrastruktury badawczej Małopolskiego Centrum Innowacyjnych Technologii i Materiałów.",Sieć Badawcza Łukasiewicz - Krakowski Instytut Technologiczny
INFRASTARt,INFRASTARt-I/0014/2021-00,5364542.3,INFRA-LABs - Zwiększenie efektywności wykorzystania infrastruktury badawczej udostępnianej przez PCSS,Instytut Chemii Bioorganicznej Polskiej Akademii Nauk
INFRASTARt,INFRASTARt-I/0015/2021-00,1264368.51,INFRASTARt - Centrum Informatyczne Świerk,Narodowe Centrum Badań Jądrowych
INFRASTARt,INFRASTARt-I/0016/2021-00,1176105.97,Utrzymanie infrastruktury badawczo-rozwojowej Wojskowej Akademii Technicznej dofinansowanej w ramach II priorytetu POIG,Wojskowa Akademia Techniczna im. Jarosława Dąbrowskiego
INFRASTARt,INFRASTARt-I/0017/2021-00,3255126.13,Zwiększanie wykorzystania Wielkopolskiego Centrum Zaawansowanych Technologii,Uniwersytet im. Adama Mickiewicza w Poznaniu
INFRASTARt,INFRASTARt-I/0018/2021-00,1084539.49,Zwiększenie potencjału kluczowej infrastruktury B+R Politechniki Gdańskiej,Politechnika Gdańska
INFRASTARt,INFRASTARt-I/0019/2021-00,4590736.93,Zwiększenie efektywności wykorzystania w AGH infrastruktury B+R dofinansowanej z Programu Operacyjnego Innowacyjna Gospodarka,Akademia Górniczo - Hutnicza im. S. Staszica w Krakowie
Lider,LIDER/1/0003/L-12/20/NCBR/2021,1499876.25,Opracowanie innowacyjnego stałotlenkowego elektrolizera (SOE) wytwarzanego niskokosztowymi technikami wytwórczymi jako kluczowego elementu nowoczesnych magazynów energii opartych na koncepcji power-to-gas,Instytut Energetyki- Instytut Badawczy
Lider,LIDER/10/0030/L-11/19/NCBR/2020,1500000,Innowacyjny autonomiczny bezzałogowy system monitoringu batymetrycznego akwenów płytkowodnych,Marine Technology spółka z ograniczoną odpowiedzialnością
Lider,LIDER/10/0062/L-12/20/NCBR/2021,1493625,Nowy przyjazny dla środowiska katalizator procesu parowej konwersji CO.,Sieć Badawcza Łukasiewicz - Instytut Nowych Syntez Chemicznych
Lider,LIDER/11/0065/L-12/20/NCBR/2021,1497437.5,"Metamateriałowe struktury dźwiękochłonne przeznaczone do redukcji niekorzystnych zjawisk falowych wewnątrz obudowy głośnikowej, projektowane z wykorzystaniem metod optymalizacyjnych i sieci neuronowych",Akademia Górniczo-Hutnicza im. Stanisława Staszica w Krakowie
Lider,LIDER/12/0069/L-12/20/NCBR/2021,1500000,Opracowanie technologii bakteriofagowego wspomagania sanityzacji w procesach produkcji biogazu.,Pomorski Uniwersytet Medyczny w Szczecinie
Lider,LIDER/13/0074/L-12/20/NCBR/2021,1486542.5,Selektywne adsorbenty związków farmakologicznie czynnych na bazie minerałów warstwowych przeznaczone do pracy w zakresie niskich oraz ultraniskich stężeń,Sieć Badawcza Łukasiewicz - PORT Polski Ośrodek Rozwoju Technologii
Lider,LIDER/14/0086/L-12/20/NCBR/2021,1474937.5,Opracowanie nowej generacji inteligentnych bezchromowych materiałów ogniotrwałych dla przemysłu miedziowego,Akademia Górniczo-Hutnicza im. Stanisława Staszica w Krakowie
Lider,LIDER/15/0089/L-12/20/NCBR/2021,1496250,Transparentne powłoki o podwyższonych właściwościach samoczyszczących i lodofobowych,Politechnika Warszawska
Lider,LIDER/16/0090/L-12/20/NCBR/2021,1159875,Innowacyjna technologia obróbki cieplnej i cieplno-plastycznej dla ultradrobnoziarnistych wysokowytrzymałych odkuwek ze stali wielofazowych,Politechnika Śląska
Lider,LIDER/17/0092/L-12/20/NCBR/2021,1500000,Nanoemulsja do żywienia pozajelitowego - innowacyjna formulacja farmaceutyczna o właściwościach hepatoprotekcyjnych,Uniwersytet Medyczny im. Karola Marcinkowskiego w Poznaniu
Lider,LIDER/18/0099/L-12/20/NCBR/2021,885712.5,Optymalizacja technologii wyciskania profili aluminiowych przeznaczonych na elewacyjne systemy lamelowe w nowoczesnym budownictwie,Akademia Górniczo-Hutnicza im. Stanisława Staszica w Krakowie
Lider,LIDER/19/0103/L-12/20/NCBR/2021,1436875.63,Opracowanie technologii wytwarzania kompozytów emitujących światło białe o wysokim współczynniku CRI dedykowanych do oświetlenia LED,Instytut Niskich Temperatur i Badań Strukturalnych im. Włodzimierza Trzebiatowskiego Polskiej Akademii Nauk we Wrocławiu
Lider,LIDER/2/0018/L-12/20/NCBR/2021,1484947.5,Innowacyjne zastosowanie krajowego białka i tłuszczu paszowego wytworzonego z larw Hermetia illucens w akwakulturze ryb jesiotrowatych,Uniwersytet Przyrodniczy w Poznaniu
Lider,LIDER/22/0111/L-12/20/NCBR/2021,1497400,Personalizacja radioterapii wysokonformalnej z wykorzystaniem mobilnych laserowych technik skanowania i druku przestrzennego,Narodowy Instytut Onkologii im. Marii Skłodowskiej-Curie - Państwowy Instytut Badawczy
Lider,LIDER/23/0113/L-12/20/NCBR/2021,1495000,Podstawy technologii epitaksjalnych struktur (AlGaIn)N na kształtowanych przestrzennie podłożach GaN do produkcji matryc laserowych emitujących światło w zakresie 520-540 nm do celów trójwymiarowej projekcji obrazów,Instytut Wysokich Ciśnień Polska Akademia Nauk
Lider,LIDER/24/0117/L-12/20/NCBR/2021,1390625,Stopy nowej generacji na osnowie aluminium przetwarzane w procesie laserowej technologii przyrostowej do zastosowań przemysłowych,Politechnika Wrocławska
Lider,LIDER/25/0119/L-12/20/NCBR/2021,1275375,Materiały termoizolacyjne dla budownictwa wytwarzane z wykorzystaniem biomasy,Uniwersytet Przyrodniczy w Poznaniu
Lider,LIDER/26/0121/L-12/20/NCBR/2021,1492375,"Biodegradowalne, selektywne, optyczne markery do zabezpieczania towarów oraz system ich detekcji.",Instytut Niskich Temperatur i Badań Strukturalnych Polskiej Akademii Nauk
Lider,LIDER/27/0148/L-12/20/NCBR/2021,1493350,Programowalne poprzez sekwencję materiały polimerowe do selektywnego wykrywania bioaktywnych zanieczyszczeń wody,Sieć Badawcza Łukasiewicz - PORT Polski Ośrodek Rozwoju Technologii
Lider,LIDER/28/0152/L-12/20/NCBR/2021,1465625,Opracowanie innowacyjnych metod poprawy parametrów farmakokinetycznych i farmakodynamicznych wybranych substancji farmaceutycznie aktywnych (APIs).,Śląski Uniwersytet Medyczny w Katowicach
Lider,LIDER/29/0157/L-12/20/NCBR/2021,1478750,Funkcjonalne materiały kompozytowe na bazie odpadowego oleju spożywczego do zastosowań w miejscach i obiektach użyteczności publicznej o podwyższonym ryzyku występowania patogenów.,Politechnika Krakowska im. Tadeusza Kościuszki
Lider,LIDER/3/0025/L-12/20/NCBR/2021,1454762.13,Ferrytyczne azotonawęglanie niskociśnieniowe w uniwersalnych piecach próżniowych.,Politechnika Łódzka
Lider,LIDER/30/0167/L-12/20/NCBR/2021,1496250,Efektywne bariery dyfuzyjne do zastosowań w systemach do konwersji energii,Politechnika Warszawska
Lider,LIDER/31/0169/L-12/20/NCBR/2021,1500000,Silniki elektryczne o dużej gęstości mocy,Sieć Badawcza Łukasiewicz - Instytut Napędów i Maszyn Elektrycznych KOMEL
Lider,LIDER/32/0170/L-12/20/NCBR/2021,1499645,Identyfikacja cech o podłożu molekularnym warunkujących plon żyta prowadząca do opracowania efektywnych markerów molekularnych,Instytut Hodowli i Aklimatyzacji Roślin - Państwowy Instytut Badawczy
Lider,LIDER/33/0171/L-12/20/NCBR/2021,1498161.25,Technologia wytwarzania nowej generacji biokomponentów paliw lotniczych na drodze procesów wodorowych.,Sieć Badawcza Łukasiewicz - Instytut Ciężkiej Syntezy Organicznej  Blachownia 
Lider,LIDER/34/0174/L-12/20/NCBR/2021,1500000,Technologia kompleksowego odzysku litu i wody użytkowej z odpadowych wód złożowych,Akademia Górniczo-Hutnicza im. Stanisława Staszica w Krakowie
Lider,LIDER/35/0182/L-12/20/NCBR/2021,1499925,System pomiarowy do identyfikacji intensywności zużywania się pary koła z szyną wykorzystujący obrazowanie w zakresie światła widzialnego i podczerwonego,Politechnika Poznańska
Lider,LIDER/36/0184/L-12/20/NCBR/2021,1475875,Opracowanie innowacyjnej technologii wytwarzania wzbogaconych mikrobiologicznie bionawozów wspomagających zrównoważoną produkcję roślinną i jej adaptację do zmian klimatu,Instytut Uprawy Nawożenia i Gleboznawstwa - Państwowy Instytut Badawczy
Lider,LIDER/37/0198/L-12/20/NCBR/2021,846875,Automatyczne śledzenie i analiza ruchu dla wspomagania treningów sportowych,Akademia Górniczo-Hutnicza im. Stanisława Staszica w Krakowie
Lider,LIDER/38/0199/L-12/20/NCBR/2021,1483866.25,Opracowanie autonomicznego systemu sterowania procesami wytwarzania i dystrybucji ciepła zapewniającego poprawę efektywności energetycznej i wydajności produkcji.,Politechnika Śląska
Lider,LIDER/39/0203/L-12/20/NCBR/2021,1496487.5,Zastosowanie kryształów fotonicznych w zabezpieczeniach oryginalności,Sieć Badawcza Łukasiewicz - PORT Polski Ośrodek Rozwoju Technologii
Lider,LIDER/4/0026/L-12/20/NCBR/2021,1500000,Innowacyjny system wielowymiarowego i wieloczasowego monitoringu strefy brzegowej z wykorzystaniem autonomicznej bezzałogowej jednostki pływającej,Marine Technology Spółka z ograniczoną odpowiedzialnością
Lider,LIDER/40/0205/L-12/20/NCBR/2021,1499496.5,Prototyp systemu hamulca kolejowego dla maszyn drogowo-torowych ciągnących wagony,Sieć Badawcza Łukasiewicz - Instytut Pojazdów Szynowych  TABOR 
Lider,LIDER/41/0206/L-12/20/NCBR/2021,1347750,"Innowacyjne związki first-in-class, jako ligandy receptora 5-HT7 w leczeniu potrójnie negatywnego raka piersi TNBC.",Politechnika Krakowska im. T. Kościuszki
Lider,LIDER/42/0215/L-12/20/NCBR/2021,1014842.5,Badania Innowacyjnej Technologii Wyoblania Osiowo Niesymetrycznego,Sieć Badawcza Łukasiewicz - Instytut Obróbki Plastycznej
Lider,LIDER/43/0222/L-12/20/NCBR/2021,1500000,Charakterystyka mieszanych pól promieniowania w radioterapii protonowej,Instytut Fizyki Jądrowej im. Henryka Niewodniczańskiego Polskiej Akademii Nauk
Lider,LIDER/44/0146/L-11/19/NCBR/2020,1353500,Ocena przydatności przyrostowych technologii wytwarzania do szybkiej budowy modeli odlewniczych,Politechnika Świętokrzyska
Lider,LIDER/44/0228/L-12/20/NCBR/2021,1493020,Opracowanie biotechnologicznej produkcji waniliny z wykorzystaniem produktów ubocznych przemysłu rolno-spożywczego,Uniwersytet Przyrodniczy we Wrocławiu
Lider,LIDER/45/0234/L-12/20/NCBR/2021,1499000,"Opracowanie narzędzia diagnostycznego z wykorzystaniem techniki wysokoprzepustowego sekwencjonowania nowej generacji do kompleksowej diagnostyki molekularnej wybranych fakomatoz, ze szczególnym uwzględnieniem neurofibromatozy typu 1",Gdański Uniwersytet Medyczny
Lider,LIDER/46/0237/L-12/20/NCBR/2021,1500000,Wykorzystanie sekwencjonowania płynnej biopsji do opracowania panelu diagnostycznego służącego do monitorowania odpowiedzi na immnunoterapię pierwszej linii u chorych na niedrobnokomórkowego raka płuca,Uniwersytet Medyczny w Lublinie
Lider,LIDER/47/0242/L-12/20/NCBR/2021,1500000,Technologia przekształcania mikro i nanowłókien otrzymywanych w polu elektrostatycznym w innowacyjne obiekty o zdefiniowanej średnicy i właściwościach,Sieć Badawcza Łukasiewicz - Instytut Metali Nieżelaznych
Lider,LIDER/48/0247/L-12/20/NCBR/2021,1500000,Bioprodukt przyspieszający rozkład biodegradowalnych materiałów polimerowych w kompoście,Sieć Badawcza Łukasiewicz - Instytut Inżynierii Materiałów Polimerowych i Barwników
Lider,LIDER/49/0187/L-11/19/NCBR/2020,1483500,Zrównoważone materiały - zaprawy aktywowane alkalicznie - do szczególnych zastosowań osłonowych w budownictwie,Politechnika Warszawska
Lider,LIDER/49/0248/L-12/20/NCBR/2021,1499439.38,RegMag+ inteligentny system do wytwarzania serum regenerującego dla weterynarii i biotechnologii.,Uniwersytet Przyrodniczy we Wrocławiu
Lider,LIDER/5/0036/L-12/20/NCBR/2021,1499800,Technologia otrzymywania wielkocząsteczkowych filtrów UVA/UVB dla nowoczesnych preparatów kosmetycznych,Uniwersytet im. Adama Mickiewicza w Poznaniu
Lider,LIDER/50/0262/L-12/20/NCBR/2021,1497500,Oparta na konwolucyjnych sieciach neuronowych wspomagana komputerowo diagnostyka endoskopowa wykrywania wczesnych zmian nowotworowych (gruczolaków) w obszarze jelita grubego.,Uniwersytet Medyczny w Łodzi
Lider,LIDER/51/0270/L-12/20/NCBR/2021,1470000,"Wielomateriałowa drukarka 3D dedykowana do produkcji detali z litego metalu oraz stopów galwanicznych, a także elementów hybrydowych typu metal-tworzywo polimerowe przy wykorzystaniu opracowanej sprzężonej technologii elektroosadzania metali oraz fotopolimeryzacji żywic polimerowych.",Politechnika Krakowska im. Tadeusza Kościuszki w Krakowie
Lider,LIDER/52/0276/L-12/20/NCBR/2021,1347500,NEED: design emisji dawki inhalatorów suchego proszku,"UNIWERSYTET MIKOŁAJA KOPERNIKA w Toruniu, Collegium Medicum im. Ludwika Rydygiera w Bydgoszczy"
Lider,LIDER/53/0277/L-12/20/NCBR/2021,1499075,"NOWE FLUORESCENCYJNE METODY SKRININGOWE WYKRYWANIA I OZNACZANIA STĘŹENIA WYBRANYCH SUBSTANCJI SYMPATYKOMIMETYCZNYCH, PSYCHOAKTYWNYCH ORAZ ICH METABOLITÓW",Politechnika Krakowska im. Tadeusza Kościuszki
Lider,LIDER/54/0286/L-12/20/NCBR/2021,1499955,Adaptacyjny kontroler ruchu autonomicznego robota mobilnego,Politechnika Łódzka
Lider,LIDER/55/0287/L-12/20/NCBR/2021,1303357.5,Tworzenie i eksploracja multimedialnych środowisk i materiałów szkoleniowych dla pracowników w Przemyśle 4.0 z zastosowaniem wirtualnej i wzbogaconej rzeczywistości oraz reprezentacji wiedzy dziedzinowej,Uniwersytet Ekonomiczny w Poznaniu
Lider,LIDER/56/0290/L-12/20/NCBR/2021,1494000,System detekcji uszkodzeń konstrukcji z adaptacyjnym czujnikiem wykonanym z użyciem materiałów z mikro i nanocząsteczkami metalicznymi,Sieć Badawcza Łukasiewicz â€“ Instytut Lotnictwa
Lider,LIDER/6/0049/L-12/20/NCBR/2021,1500000,Wykorzystanie mieszanej rzeczywistości do diagnostyki i oceny stanu chorób neurodegeneracyjnych,Akademia Górniczo-Hutnicza im. Stanisława Staszica w Krakowie
Lider,LIDER/7/0054/L-12/20/NCBR/2021,1500000,Nowe rozwiązania biotechnologiczne w diagnostyce i zwalczaniu Pezicula spp. - kluczowych patogenów grzybowych jabłek,Instytut Agrofizyki im. Bohdana Dobrzańskiego Polskiej Akademii Nauk w Lublinie
Lider,LIDER/8/0055/L-12/20/NCBR/2021,1500000,Trójwymiarowe obrazowanie materiałów i przyrządów półprzewodnikowych o nieplanarnej strukturze przy pomocy techniki spektrometrii mas jonów wtórnych,Sieć Badawcza Łukasiewicz - Instytut Mikroelektroniki i Fotoniki
Lider,LIDER/9/0060/L-12/20/NCBR/2021,1466831.25,Opracowanie nowych technologii walcowania odkuwek osi kolejowych,Politechnika Lubelska
Rzeczy są dla ludzi,Rzeczy są dla ludzi/0004/2020-00,1521036.25,"Innowacyjne Układy Napędowe Wózków Inwalidzkich - Projekt, Prototyp, Badania",Politechnika Poznańska
Rzeczy są dla ludzi,Rzeczy są dla ludzi/0005/2020-00,1967250,Technologia opracowania tyflomap zabytkowych założeń parkowych,Wojskowa Akademia Techniczna im. Jarosława Dąbrowskiego
Rzeczy są dla ludzi,Rzeczy są dla ludzi/0009/2020-00,1861052.13,Mechatroniczny aparat do wspomagania zachowania równowagi w trakcie lokomocji z funkcją rejestracji parametrów kinematycznych chodu,Politechnika Białostocka
Rzeczy są dla ludzi,Rzeczy są dla ludzi/0014/2020-00,1959200,ESWSE- Elektroniczny System Wspomagania Skutecznej Ewakuacji,Politechnika Białostocka
Rzeczy są dla ludzi,Rzeczy są dla ludzi/0018/2020-00,2963556.25,Zręczna bioniczna proteza ręki,Politechnika Wrocławska
Rzeczy są dla ludzi,Rzeczy są dla ludzi/0026/2020-00,2994860.35,"Zintegrowana platforma planowania, organizacji, nadzoru i wsparcia dostępności oferty turystyki górskiej dla osób mających trudności w funkcjonowaniu fizycznym oraz specjalistyczny pojazd terenowy do realizacji oferty turystycznej â€“ GÓRY BEZ BARIER",Politechnika Śląska
Rzeczy są dla ludzi,Rzeczy są dla ludzi/0042/2020-00,1844249.39,Opracowanie Mobilnej Platformy Pomiarowej,ABAKUS Systemy Teleinformatyczne Spółka z ograniczoną odpowiedzialnością
Rzeczy są dla ludzi,Rzeczy są dla ludzi/0043/2020-00,2566750.68, Foto-Foot-Prevent (FFT) - Fotoaktywne urządzenie stosowane w terapii zespołu stopy cukrzycowej ,PHIN CONSULTING SPÓŁKA Z OGRANICZONĄ ODPOWIEDZIALNOŚCIĄ
Rzeczy są dla ludzi,Rzeczy są dla ludzi/0049/2020-00,1082576.47,Opracowanie prototypu systemu wspomagającego poruszanie się osób ze szczególnymi potrzebami wewnątrz obiektów architektonicznych związanych z transportem szynowym - LIFT,Politechnika Warszawska
Rzeczy są dla ludzi,Rzeczy są dla ludzi/0050/2020-00,2791188.53,System zarządzania dostępnością zintegrowanych węzłów przesiadkowych -  Przesiadka bez Barier ,Akademia WSB
Rzeczy są dla ludzi,Rzeczy są dla ludzi/0052/2020,1004000,Pavepro - wielofunkcyjna nawierzchnia dla osób niepełnosprawnych,Politechnika Świętokrzyska
Rzeczy są dla ludzi,Rzeczy są dla ludzi/0056/2020-00,1510420.59,E-ZAWODY - Opracowanie rozwiązań technologicznych z wykorzystaniem VR pozwalających osobom z niepełnosprawnościami na podniesienie kompetencji zawodowych poprzez realizację prac w przestrzeni wirtualnej,VRTechnology Spółka z ograniczoną odpowiedzialnością
Rzeczy są dla ludzi,Rzeczy są dla ludzi/0062/2020-00,2352044.12,Wspomaganie kształcenia w cukrzycy typu I u młodzieży - aplikacja mobilna T1DCoach,Politechnika Lubelska
Rzeczy są dla ludzi,Rzeczy są dla ludzi/0063/2020-00,2603611.49,Opracowanie panelu prezentującego pismo Braille'a dla osób niedowidzących i niewidomych.,Centrum Badań i Rozwoju Technologii dla Przemysłu S.A.
Rzeczy są dla ludzi,Rzeczy są dla ludzi/0070/2020-00,2998900,Prace B+R nad stworzeniem nowej generacji pojazdu typu off-road dla osób z niepełnosprawnością,Politechnika Wrocławska
Rzeczy są dla ludzi,Rzeczy są dla ludzi/0078/2020-00,1280963.24,"TUSER - cyfrowe narzędzie dla nauczycieli i uczniów szkół podstawowych, w których uczą się dzieci ze specjalnymi potrzebami. Niezależna aplikacja do użytku w szkole i poza nią, wspomagająca komunikację interpersonalną w procesie edukacyjnym oraz rozwijająca kompetencje społeczne uczniów.",Uniwersytet Humanistycznospołeczny SWPS
Rzeczy są dla ludzi,Rzeczy są dla ludzi/0079/2020,2455930.3,Opracowanie innowacyjnego systemu sterowania urządzeniami z zakresu internetu rzeczy przy użyciu bezprzewodowego wzmacniacza sygnałów bioelektrycznych.,Big Idea Technology Sp. z o.o.
Rzeczy są dla ludzi,Rzeczy są dla ludzi/0080/2020-00,2999285.52,"Zautomatyzowane urządzenie do samodzielnej rehabilitacji w schorzeniach kręgosłupa, mięśni i układu nerwowego w aspekcie poprawy dostępności i łatwości obsługi medycznej.",Akademia Górniczo-Hutnicza im. Stanisława Staszica w Krakowie
Rzeczy są dla ludzi,Rzeczy są dla ludzi/0087/2020-00,2353913,Opracowanie funkcjonalnego egzoszkieletu ręki do aktywnego treningu i rehabilitacji,Edurewolucje spółka z ograniczoną odpowiedzialnością
Rzeczy są dla ludzi,Rzeczy są dla ludzi/0089/2020-00,2768058.97,Przenośne urządzenie do wykrywania biomarkerów w wydychanym powietrzu,Centrum Badań i Rozwoju Technologii dla Przemysłu S.A.
Rzeczy są dla ludzi,Rzeczy są dla ludzi/0092/2020-00,999900,"Wzmocnienie samodzielności osób z niepełnosprawnością ruchową, poprzez opracowanie parametryzowanych, łatwych w produkcji adapterów do mebli popularnych producentów",ANV Production Spółka z ograniczoną odpowiedzialnością
Rzeczy są dla ludzi,Rzeczy są dla ludzi/0095/2020-00,1770973.78,Opracowanie innowacyjnych zestawów mebli kuchennych przeznaczonych dla osób starszych i niepełnosprawnych,JATI SPÓŁKA Z OGRANICZONĄ ODPOWIEDZIALNOŚCIĄ
Rzeczy są dla ludzi,Rzeczy są dla ludzi/0100/2020-00,1469262,System adaptacji szybowca dla osób niepełnosprawnych,Zakład Szybowcowy  Jeżów  Henryk Mynarski
Szpitale jednoimienne,SZPITALE-JEDNOIMIENNE/44/2020,2643687.5,"Nowoczesny system opieki telemetrycznej umożliwiający automatyczną identyfikację pacjentów zagrożonych i powiadamianie o ryzyku gwałtownego pogorszenia stanu u dotychczas stabilnych pacjentów na oddziałach Szpitali, na przykładzie szpitala MSWiA w Białymstoku",Samodzielny Publiczny Zakład Opieki Zdrowotnej Ministerstwa Spraw Wewnętrznych i Administracji w Białymstoku im. Mariana Zyndrama-Kościałkowskiego
Szpitale jednoimienne,SZPITALE-JEDNOIMIENNE/46/2020,356663.5,Wpływ funkcji osi przysadkowo-tarczycowej oraz przysadkowo-nadnerczowej na przebieg choroby COVID-19,Gdański Uniwersytet Medyczny
Szpitale jednoimienne,SZPITALE-JEDNOIMIENNE/48/2020,1887762.5,Profilowanie serologiczne chorych na COVID- 19 jako narzędzie do wskazania efektywnych epitopowych składników szczepionek przeciw SARSCoV-2 oraz jako narzędzie wspomagające kontrolę transmisji wirusa w populacji na terenie Polski,Wojewódzki Szpital Specjalistyczny we Wrocławiu
Szpitale jednoimienne,SZPITALE-JEDNOIMIENNE/52/2020,2742552.43,"Skonstruowanie, ocena skuteczności oraz bezpieczeństwa hełmu do leczenia ostrej hipoksemicznej niewydolności oddychania wraz z urządzeniami dostarczającymi tlen i wytwarzającymi dodatnie ciśnienie w drogach oddechowych wyposażonymi w system autokontroli",Warszawski Uniwersytet Medyczny
Szpitale jednoimienne,SZPITALE-JEDNOIMIENNE/57/2020,2459455,Wykorzystanie technologii UV-C w celu redukcji transmisji wirusa SARS-CoV-2 i ograniczenia przenoszenia zakażeń w szpitalach,WIELOSPECJALISTYCZNY SZPITAL WOJEWÓDZKI W GORZOWIE WLKP. SPÓŁKA Z OGRANICZONĄ ODPOWIEDZIALNOŚCIĄ
Szpitale jednoimienne,SZPITALE-JEDNOIMIENNE/61/2020,3224125,Rozwój testów antygenowych do wykrywania wirusa SARS-Cov- 2 i przeciwciał anty SARS-Cov-2 w ślinie,Instytut Biochemii i Biofizyki Polskiej Akademii Nauk
Szpitale jednoimienne,SZPITALE-JEDNOIMIENNE/63/2020,1825000,Wieloparametryczna analiza krwi ozdrowieńców COVID-19 za pomocą cytometrii masowej do badania dynamiki zmian w układzie immunologicznym i identyfikacji optymalnych dawców osocza,Politechnika Wrocławska
Szpitale jednoimienne,SZPITALE-JEDNOIMIENNE/67/2020,667200,"Weryfikacja metody zapobiegającej rozprzestrzenianie się zakażenia wirusem SARS-CoV-2 dzięki zastosowaniu procedury bezdotykowego pomiaru temperatury osób wchodzących do szpitala i wychodzących ze szpitala uwzględniającej wpływ warunków klimatycznych takich jak temperatura powietrza, wilgotność, prędkość wiatru na wartości pomiarowe",Uniwersytet Śląski w Katowicach
Szpitale jednoimienne,SZPITALE-JEDNOIMIENNE/73/2020,2581250,System monitorowania parametrów życiowych pacjentów COVID-19,Politechnika Śląska
Szpitale jednoimienne,SZPITALE-JEDNOIMIENNE/74/2020,2617553.6,System ekspercki wspomagający lekarza w sterowaniu respiratorem,Uniwersytet Mikołaja Kopernika w Toruniu
Szpitale jednoimienne,SZPITALE-JEDNOIMIENNE/76/2020,2652000,Opracowanie i weryfikacja skuteczności nowego narzędzia immunodiagnostycznego COVID-19,Uniwersytet im. Adama Mickiewicza w Poznaniu
Szpitale jednoimienne,SZPITALE-JEDNOIMIENNE/77/2020,5763000,Systemy sztucznej inteligencji wspomagania detekcji i monitorowania COVID-19 w badaniach tomografii komputerowej wysokiej rozdzielczości z użyciem systemu klasyfikacji i raportowania danych COVID-RADS. (COVRAD),Szpital Miejski Nr 4 w Gliwicach Spółka z ograniczoną odpowiedzialnością
TANGO,TANGO-IV-A/0022/2019-00,187175,Lekkie drewnopochodne płyty komórkowe z auksetycznymi rdzeniami,Uniwersytet Przyrodniczy w Poznaniu
TANGO,TANGO-IV-A/0023/2019-00,247596.66,ForUM: system prognozowania i analizy niepewności pozaekonomicznej,Akademia Finansów i Biznesu Vistula
TANGO,TANGO-IV-A/0024/2019-00,249447.85,Opracowanie i rozwój innowacyjnej cząsteczki JT-3 jako zaawansowanie strategii ligandów wielofunkcyjnych w farmakoterapii choroby Alzheimera,Uniwersytet Jagielloński Collegium Medicum
TANGO,TANGO-IV-A/0025/2019-00,250000,Opracowanie platformy dla wsparcia psychologicznego osób doświadczających kryzysów zawodowych,Uniwersytet Jagielloński
TANGO,TANGO-IV-A/0026/2019-00,250000,Nowa jakość grafenu: produkcja i zastosowania,Uniwersytet Jagielloński
TANGO,TANGO-IV-A/0027/2019-00,234331.69,Badania wdrożeniowe w aspekcie własności rzeczywistych pojazdów szynowych w krzywej przejściowej przy prędkościach wokół krytycznej,Politechnika Warszawska
TANGO,TANGO-IV-A/0031/2019-00,222000,Wysokociśnieniowa kolumna sorpcyjna do odzysku metali szlachetnych.,Akademia Górniczo-Hutnicza im. Stanisława Staszica w Krakowie
TANGO,TANGO-IV-A/0035/2019-00,250000,Innowacyjny lek do leczenia zwłóknień narządowych,Uniwersytet Jagielloński
TANGO,TANGO-IV-A/0036/2019-00,193125,Polskie Materiały Odniesienia na potrzeby analizy specjacyjnej jako narzędzie zapewnienia bezpieczeństwa żywności.,Instytut Chemii i Techniki Jądrowej
TANGO,TANGO-IV-A/0038/2019-00,235380.53,Technologie wspierające streszczanie sekwencji wizyjnych,Akademia Górniczo-Hutnicza im. Stanisława Staszica w Krakowie
TANGO,TANGO-IV-A/0039/2019-00,215187.5,Ciastka kruche wzbogacone dodatkiem zielonej kawy i obniżonej kaloryczności jako nowy produkt funkcjonalny,Uniwersytet Przyrodniczy w Lublinie
TANGO,TANGO-IV-A/0041/2019-00,235096.25,Wsparta pracami B+R nowatorska koncepcja w zakresie ochrony przed infekcjami bakteryjnymi i wirusowymi w oparciu o filtry z funkcją biobójczą na bazie 3D strukturyzowanego grafenu,Uniwersytet Mikołaja Kopernika w Toruniu
TANGO,TANGO-IV-A/0042/2019-00,247954.13,Opracowanie metodologii zabezpieczenia powierzchni stopów niklu przed utlenieniem wewnętrznym w podwyższonych temperaturach bazując na powłokach dyfuzyjnych wraz z dodatkiem pierwiastków ziem rzadkich,Sieć Badawcza Łukasiewicz - Krakowski Instytut Technologiczny
TANGO,TANGO-IV-A/0043/2019-00,72187.5,Kalkulator usług świadczonych przez drzewa miejskie,Uniwersytet Warszawski
TANGO,TANGO-IV-A/0045/2019-00,244323.75,Wdrożenie metody wytworzenia 5'trifosforylowanych kwasów nukleinowych,Instytutem Chemii Bioorganicznej Polskiej Akademii Nauk
TANGO,TANGO-IV-A/0047/2019-00,167862.5,Poprawa własności mechanicznych stali nierdzewnych austenitycznych na drodze przemiany martenzytycznej indukowanej odkształceniem plastycznym i przemiany odwrotnej,Akademia Górniczo-Hutnicza im. Stanisława Staszica w Krakowie
TANGO,TANGO-IV-A/0048/2019-00,76750,Narzędzie przewidujące wyniki wyborów organów wykonawczych gmin,Uniwersytet w Białymstoku
TANGO,TANGO-IV-A/0049/2019-00,242000,Preparat stymulujący degradację niesteroidowych leków przeciwzapalnych w oparciu o immobilizowane na naturalnym nośniku szczepy bakterii,Uniwersytet Śląski w Katowicach
TANGO,TANGO-IV-A/0050/2019-00,222360,Mikrobiologiczna szczepionka wspomagająca osad czynny oczyszczalni ścieków w usuwaniu niesteroidowych leków przeciwzapalnych (NLPZ),Uniwersytet Śląski w Katowicach
TANGO,TANGO-IV-A/0052/2019-00,242467.5,Opracowanie autorskiego programu ON-BOARDINGPro wspierającego proaktywność pracownika w procesie adaptacji do miejsca pracy w formie e-szkolenia,Uniwersytet Śląski w Katowicach
TANGO,TANGO-IV-A/0058/2019-00,249812.5,Technologia do niekonwencjonalnego odspajania fragmentów skał,Instytut Techniki Górniczej KOMAG
TANGO,TANGO-IV-B/0001/2019-00,1713496.25,Wykorzystanie genu Sen2 do hodowli nowych odmian ziemniaka kompleksowo odpornych na wirulentne patotypy raka ziemniaka.,Instytut Hodowli i Aklimatyzacji Roślin - Państwowy Instytut Badawczy
TANGO,TANGO-IV-B/0002/2019-00,2208735,Wytwarzanie metalowych sond o zróżnicowanym kształcie ostrza do zastosowania w mikroskopach sił atomowych.,Instytut Podstawowych Problemów Techniki Polskiej Akademii Nauk
TANGO,TANGO-IV-C/0004/2019-00,2378041.5,Innowacyjne elektrody do procesu drążenia elektroerozyjnego o podwyższonej żywotności,Instytut Wysokich Ciśnień Polskiej Akademii Nauk
TANGO,TANGO-IV-C/0005/2019-00,1801595.07,Opracowanie biostarterów wspomagających dojrzewanie mięsa wołowego na sucho,Uniwersytet Warszawski
TANGO,TANGO-IV-C/0010/2019-00,2022850,Nowatorska technologia odzysku ciepła z silników tłokowych oparta na obiegu dwutlenku węgla o parametrach nadkrytycznych,Politechnika Warszawska
TANGO,TANGO-IV-C/0012/2019-00,2440100,Opracowanie innowacyjnego preparatu złożonego dedykowanego leczeniu nadciśnienia tętniczego.,Uniwersytet Medyczny im. Karola Marcinkowskiego w Poznaniu
TANGO,TANGO-V-A/0001/2021-00,249500,Hydrożelowe materiały hybrydowe do zastosowań w terapii osteoporozy i/lub regeneracji kości,Uniwersytet Jagielloński
TANGO,TANGO-V-A/0004/2021-00,248500,Opracowanie technologii otrzymywania kompozytów gradientowych o geometrii rurowej do transportu substancji agresywnych,Politechnika Warszawska
TANGO,TANGO-V-A/0008/2021-00,250000,Zastosowanie pochodnych sulfonylomocznika jako nowych inhibitorów heksokinazy 2 w terapiach przeciwnowotworowych,Politechnika Śląska
TANGO,TANGO-V-A/0009/2021-00,230862.5,Słona i słodka przekąska wzbogacona mąką ze skiełkowanego ziarna pszenicy,Uniwersytet Przyrodniczy w Lublinie
TANGO,TANGO-V-A/0012/2021-00,216125,Nowa metoda otrzymywania fotoaktywnych cementów,Zachodniopomorski Uniwersytet Technologiczny w Szczecinie
TANGO,TANGO-V-A/0013/2021-00,250000,Opracowanie funkcjonalnej formy aplikacji estrów cukrowych kwasów tłuszczowych na bazie bakteryjnych polihydroksyalkanianów hamujących rozwój komórek nowotworowych,Instytut Katalizy i Fizykochemii Powierzchni im. Jerzego Habera Polskiej Akademii Nauk
TANGO,TANGO-V-A/0016/2021-00,249468.76,Nowa generacja materiałów do urządzeń magneto-optycznych,Uniwersytet Pedagogiczny im. Komisji Edukacji Narodowej w Krakowie
TANGO,TANGO-V-A/0020/2021-00,247625,Liofilizat glikozaminoglikanów i kolagenu z rybich skór do zastosowań biomedycznych,Uniwersytet Mikołaja Kopernika w Toruniu
TANGO,TANGO-V-A/0025/2021-00,209851.48,Naturalne elicytory w produkcji ziół o podwyższonej jakości prozdrowotnej i konsumenckiej,Uniwersytet Przyrodniczy w Lublinie
TANGO,TANGO-V-A/0042/2021-00,248380,Ocena jakości pszczół na podstawie asymetrii i rozmiaru skrzydeł,Uniwersytet Rolniczy im. Hugona Kołłątaja w Krakowie
TECHMATSTRATEG,TECHMATSTRATEG-III/0002/2019-00,10786245.27,"Innowacyjna technologia wytwarzania materiałów przewodowych na bazie stopów Cu-Mg o szczególnych własnościach użytkowych do pracy w wysokich i zmiennych obciążeniach mechanicznych, elektrycznych i termicznych",Sieć Badawcza Łukasiewicz â€”Instytut Metali Nieżelaznych
TECHMATSTRATEG,TECHMATSTRATEG-III/0003/2019-00,19614701.58,Pełny pionowo zintegrowany łańcuch technologiczny dla pionowej elektroniki GaN-on-GaN: od podłoża GaN do Inteligentnego Banku Energii,Instytut Wysokich Ciśnień Polskiej Akademii Nauk
TECHMATSTRATEG,TECHMATSTRATEG-III/0013/2019-00,5810950,Technologia wytwarzania innowacyjnych samoczyszczących się prefabrykowanych elementów elewacyjnych i nawierzchniowych poprawiających jakość powietrza,Politechnika Warszawska
TECHMATSTRATEG,TECHMATSTRATEG-III/0017/2019-00,11434381.89,Nowe powłoki zwiększające trwałość narzędzi w procesach kucia i wyciskania,Sieć Badawcza Łukasiewicz â€“ Poznański Instytut Technologiczny
TECHMATSTRATEG,TECHMATSTRATEG-III/0026/2019-00,26564942.41,Technologie układów fotoniki scalonej na zakres średniej podczerwieni,VIGO SYSTEM SPÓŁKA AKCYJNA
TECHMATSTRATEG,TECHMATSTRATEG-III/0028/2019-00,15368279.9,Opracowanie innowacyjnych hybrydowych warstw powierzchniowych złożonych z powłok antyzużyciowych dedykowanych uzębieniom przekładni zębatych do zespołów napędowych przenośników pracujących w trudnych warunkach eksploatacyjnych,Politechnika Warszawska
TECHMATSTRATEG,TECHMATSTRATEG-III/0032/2019-00,9293939.29,Funkcjonalne materiały kompozytowe do drukowalnych sensorów do telerehabilitacji,POLITECHNIKA WARSZAWSKA
TECHMATSTRATEG,TECHMATSTRATEG-III/0038/2019-00,6409899.19,Technologia wytwarzania heterostruktur fotonicznych dla potrzeb detekcji w podczerwieni,Sieć Badawcza Łukasiewicz - Instytut Mikroelektroniki i Fotoniki
TECHMATSTRATEG,TECHMATSTRATEG-III/0040/2019-00,12483402.94,Opracowanie technologii wyciskania kształtowników z ultra-wytrzymałych stopów AlMgSi(Cu),Sieć Badawcza Łukasiewicz - Instytut Metali Nieżelaznych
TECHMATSTRATEG,TECHMATSTRATEG-III/0042/2019-00,18362616.32,Materiały biopolimerowe o programowanej chemicznie i genetycznie selektywności do metali ciężkich dla ultraczułych biosensorów nowej generacji,Politechnika Warszawska
TECHMATSTRATEG,TECHMATSTRATEG-III/0044/2019-00,5740854.94,"Bioniczne, lekkie węzły strukturalne wytwarzane przyrostowo dla przemysłu motoryzacyjnego",Politechnika Wrocławska
